"Date","PM2.5","Yr.x","Site","combo.x","mo.x","Fe","Pb","Al","Yr.y","mo.y","combo.y","Alper","Feper","Pbper"
2016-11-29,6.1,"16","HU","16-11","11",0.066,0,0.019,"16","11","16-11",0.311475409836066,1.08196721311475,0
2016-11-26,8,"16","HU","16-11","11",0.031,0.004,0,"16","11","16-11",0,0.3875,0.05
2016-11-23,8.5,"16","HU","16-11","11",NA,NA,NA,"16","11","16-11",NA,NA,NA
2016-11-20,0.8,"16","HU","16-11","11",0.002,0,0,"16","11","16-11",0,0.25,0
2016-11-17,8.1,"16","HU","16-11","11",0.105,0.025,0,"16","11","16-11",0,1.2962962962963,0.308641975308642
2016-11-14,10.5,"16","HU","16-11","11",0.414,0.012,0.1,"16","11","16-11",0.952380952380952,3.94285714285714,0.114285714285714
2016-11-11,4.3,"16","HU","16-11","11",0.073,0.002,0.022,"16","11","16-11",0.511627906976744,1.69767441860465,0.0465116279069767
2016-11-08,6.4,"16","HU","16-11","11",0.248,0,0.034,"16","11","16-11",0.53125,3.875,0
2016-11-05,5,"16","HU","16-11","11",0.048,0,0.014,"16","11","16-11",0.28,0.96,0
2016-11-02,10.2,"16","HU","16-11","11",0.139,0.008,0.002,"16","11","16-11",0.0196078431372549,1.36274509803922,0.0784313725490196
2016-10-30,9.4,"16","HU","16-10","10",0.116,0.007,0.051,"16","10","16-10",0.542553191489362,1.23404255319149,0.074468085106383
2016-10-27,5.9,"16","HU","16-10","10",0.063,0.015,0,"16","10","16-10",0,1.06779661016949,0.254237288135593
2016-10-24,5.1,"16","HU","16-10","10",0.085,0.002,0.003,"16","10","16-10",0.0588235294117647,1.66666666666667,0.0392156862745098
2016-10-21,3.3,"16","HU","16-10","10",0.039,0,0.039,"16","10","16-10",1.18181818181818,1.18181818181818,0
2016-10-18,11,"16","HU","16-10","10",0.106,0.001,0.068,"16","10","16-10",0.618181818181818,0.963636363636364,0.00909090909090909
2016-10-15,4.9,"16","HU","16-10","10",0.049,0.011,0.012,"16","10","16-10",0.244897959183673,1,0.224489795918367
2016-10-12,4.2,"16","HU","16-10","10",0.044,0,0.041,"16","10","16-10",0.976190476190476,1.04761904761905,0
2016-10-09,2,"16","HU","16-10","10",0.03,0.007,0.03,"16","10","16-10",1.5,1.5,0.35
2016-10-06,4.7,"16","HU","16-10","10",0.075,0.002,0,"16","10","16-10",0,1.59574468085106,0.0425531914893617
2016-10-03,6,"16","HU","16-10","10",0.029,0.004,0.001,"16","10","16-10",0.0166666666666667,0.483333333333333,0.0666666666666667
2016-09-30,1.5,"16","HU","16-09","09",0.012,0.002,0,"16","09","16-09",0,0.8,0.133333333333333
2016-09-27,6,"16","HU","16-09","09",0.073,0.006,0.025,"16","09","16-09",0.416666666666667,1.21666666666667,0.1
2016-09-24,10,"16","HU","16-09","09",0.039,0,0.001,"16","09","16-09",0.01,0.39,0
2016-09-21,10,"16","HU","16-09","09",0.046,0.005,0.038,"16","09","16-09",0.38,0.46,0.05
2016-09-18,5,"16","HU","16-09","09",0.031,0.012,0.034,"16","09","16-09",0.68,0.62,0.24
2016-09-15,4,"16","HU","16-09","09",0.099,0,0.089,"16","09","16-09",2.225,2.475,0
2016-09-12,3.3,"16","HU","16-09","09",0.033,0,0.038,"16","09","16-09",1.15151515151515,1,0
2016-09-09,12.7,"16","HU","16-09","09",0.163,0.003,0.034,"16","09","16-09",0.267716535433071,1.28346456692913,0.0236220472440945
2016-09-06,7.5,"16","HU","16-09","09",NA,NA,NA,"16","09","16-09",NA,NA,NA
2016-09-03,5.1,"16","HU","16-09","09",0.031,0,0.022,"16","09","16-09",0.431372549019608,0.607843137254902,0
2016-11-20,1.6,"16","HU","16-11","11",0.002,0,0,"16","11","16-11",0,0.125,0
2016-11-08,6.3,"16","HU","16-11","11",0.248,0,0.034,"16","11","16-11",0.53968253968254,3.93650793650794,0
2016-10-27,5.8,"16","HU","16-10","10",0.063,0.015,0,"16","10","16-10",0,1.08620689655172,0.258620689655172
2016-10-15,4.8,"16","HU","16-10","10",0.049,0.011,0.012,"16","10","16-10",0.25,1.02083333333333,0.229166666666667
2016-10-03,6,"16","HU","16-10","10",0.029,0.004,0.001,"16","10","16-10",0.0166666666666667,0.483333333333333,0.0666666666666667
2016-09-21,9.7,"16","HU","16-09","09",0.046,0.005,0.038,"16","09","16-09",0.391752577319588,0.474226804123711,0.0515463917525773
2016-09-15,3.9,"16","HU","16-09","09",0.099,0,0.089,"16","09","16-09",2.28205128205128,2.53846153846154,0
2017-11-30,6.9,"17","HU","17-11","11",0.259,0,0.026,"17","11","17-11",0.376811594202899,3.7536231884058,0
2017-11-27,5.2,"17","HU","17-11","11",0.084,0.007,0.019,"17","11","17-11",0.365384615384615,1.61538461538462,0.134615384615385
2017-11-24,12.4,"17","HU","17-11","11",0.128,0.011,0.013,"17","11","17-11",0.104838709677419,1.03225806451613,0.0887096774193548
2017-11-21,5.6,"17","HU","17-11","11",0.099,0.008,0,"17","11","17-11",0,1.76785714285714,0.142857142857143
2017-11-18,7.9,"17","HU","17-11","11",0.103,0.004,0.028,"17","11","17-11",0.354430379746835,1.30379746835443,0.0506329113924051
2017-11-15,7.5,"17","HU","17-11","11",0.14,0.001,0.02,"17","11","17-11",0.266666666666667,1.86666666666667,0.0133333333333333
2017-11-12,11.7,"17","HU","17-11","11",0.056,0,0.003,"17","11","17-11",0.0256410256410256,0.478632478632479,0
2017-11-09,8.9,"17","HU","17-11","11",0.069,0,0.036,"17","11","17-11",0.404494382022472,0.775280898876405,0
2017-11-06,6.2,"17","HU","17-11","11",0.06,0.009,0,"17","11","17-11",0,0.967741935483871,0.145161290322581
2017-11-03,5.9,"17","HU","17-11","11",0.19,0.002,0.011,"17","11","17-11",0.186440677966102,3.22033898305085,0.0338983050847458
2017-10-31,4.3,"17","HU","17-10","10",0.111,0,0.038,"17","10","17-10",0.883720930232558,2.58139534883721,0
2017-10-28,5.1,"17","HU","17-10","10",0.041,0,0,"17","10","17-10",0,0.803921568627451,0
2017-10-25,4.2,"17","HU","17-10","10",0.338,0,0.013,"17","10","17-10",0.309523809523809,8.04761904761905,0
2017-10-22,6.5,"17","HU","17-10","10",0.122,0.009,0.044,"17","10","17-10",0.676923076923077,1.87692307692308,0.138461538461538
2017-10-19,7.1,"17","HU","17-10","10",0.399,0,0.045,"17","10","17-10",0.633802816901408,5.61971830985916,0
2017-10-16,2.6,"17","HU","17-10","10",0.369,0,0.086,"17","10","17-10",3.30769230769231,14.1923076923077,0
2017-10-13,4.5,"17","HU","17-10","10",0.037,0,0,"17","10","17-10",0,0.822222222222222,0
2017-10-10,5.2,"17","HU","17-10","10",0.085,0.004,0.024,"17","10","17-10",0.461538461538462,1.63461538461538,0.0769230769230769
2017-10-07,5.5,"17","HU","17-10","10",0.052,0,0.012,"17","10","17-10",0.218181818181818,0.945454545454545,0
2017-10-04,6.6,"17","HU","17-10","10",0.213,0,0,"17","10","17-10",0,3.22727272727273,0
2017-10-01,2.8,"17","HU","17-10","10",0.021,0,0.025,"17","10","17-10",0.892857142857143,0.75,0
2017-09-28,6.7,"17","HU","17-09","09",0.094,0,0,"17","09","17-09",0,1.40298507462687,0
2017-09-25,11,"17","HU","17-09","09",NA,NA,NA,"17","09","17-09",NA,NA,NA
2017-09-22,8.8,"17","HU","17-09","09",NA,NA,NA,"17","09","17-09",NA,NA,NA
2017-09-19,8,"17","HU","17-09","09",0.391,0,0.676,"17","09","17-09",8.45,4.8875,0
2017-09-16,11.4,"17","HU","17-09","09",0.104,0,0,"17","09","17-09",0,0.912280701754386,0
2017-09-13,6,"17","HU","17-09","09",0.065,0.001,0.037,"17","09","17-09",0.616666666666667,1.08333333333333,0.0166666666666667
2017-09-10,3.3,"17","HU","17-09","09",0.014,0,0.028,"17","09","17-09",0.848484848484849,0.424242424242424,0
2017-09-07,4.3,"17","HU","17-09","09",0.148,0,0,"17","09","17-09",0,3.44186046511628,0
2017-09-04,11,"17","HU","17-09","09",0.027,0,0.037,"17","09","17-09",0.336363636363636,0.245454545454545,0
2017-09-01,5.1,"17","HU","17-09","09",0.03,0,0.017,"17","09","17-09",0.333333333333333,0.588235294117647,0
2017-11-30,6.2,"17","HU","17-11","11",0.259,0,0.026,"17","11","17-11",0.419354838709677,4.17741935483871,0
2017-11-15,7.9,"17","HU","17-11","11",0.14,0.001,0.02,"17","11","17-11",0.253164556962025,1.77215189873418,0.0126582278481013
2017-11-03,6.2,"17","HU","17-11","11",0.19,0.002,0.011,"17","11","17-11",0.17741935483871,3.06451612903226,0.032258064516129
2017-10-22,6.2,"17","HU","17-10","10",0.122,0.009,0.044,"17","10","17-10",0.709677419354839,1.96774193548387,0.145161290322581
2017-10-10,5.3,"17","HU","17-10","10",0.085,0.004,0.024,"17","10","17-10",0.452830188679245,1.60377358490566,0.0754716981132076
2017-09-28,6.7,"17","HU","17-09","09",0.094,0,0,"17","09","17-09",0,1.40298507462687,0
2017-09-16,8.2,"17","HU","17-09","09",0.104,0,0,"17","09","17-09",0,1.26829268292683,0
2017-09-04,11.2,"17","HU","17-09","09",0.027,0,0.037,"17","09","17-09",0.330357142857143,0.241071428571429,0
2018-11-28,2.8,"18","HU","18-11","11",0.053,0,0.011,"18","11","18-11",0.392857142857143,1.89285714285714,0
2018-11-25,5.8,"18","HU","18-11","11",0.032,0.008,0,"18","11","18-11",0,0.551724137931034,0.137931034482759
2018-11-22,2.8,"18","HU","18-11","11",0.014,0.007,0,"18","11","18-11",0,0.5,0.25
2018-11-19,13.3,"18","HU","18-11","11",0.075,0.012,0,"18","11","18-11",0,0.56390977443609,0.0902255639097744
2018-11-16,3,"18","HU","18-11","11",0.089,0.002,0.004,"18","11","18-11",0.133333333333333,2.96666666666667,0.0666666666666667
2018-11-13,4.2,"18","HU","18-11","11",0.151,0,0,"18","11","18-11",0,3.59523809523809,0
2018-11-10,2.5,"18","HU","18-11","11",0.022,0,0.007,"18","11","18-11",0.28,0.88,0
2018-11-07,4.5,"18","HU","18-11","11",0.112,0,0.02,"18","11","18-11",0.444444444444444,2.48888888888889,0
2018-11-04,4.6,"18","HU","18-11","11",0.024,0.002,0,"18","11","18-11",0,0.521739130434783,0.0434782608695652
2018-11-01,8.2,"18","HU","18-11","11",0.053,0.005,0.064,"18","11","18-11",0.780487804878049,0.646341463414634,0.0609756097560976
2018-10-29,3,"18","HU","18-10","10",0.059,0.003,0.005,"18","10","18-10",0.166666666666667,1.96666666666667,0.1
2018-10-26,4.5,"18","HU","18-10","10",0.077,0.007,0,"18","10","18-10",0,1.71111111111111,0.155555555555556
2018-10-23,5.2,"18","HU","18-10","10",0.16,0,0.018,"18","10","18-10",0.346153846153846,3.07692307692308,0
2018-10-20,4.8,"18","HU","18-10","10",0.04,0.005,0,"18","10","18-10",0,0.833333333333333,0.104166666666667
2018-10-17,4.2,"18","HU","18-10","10",0.336,0.002,0.007,"18","10","18-10",0.166666666666667,8,0.0476190476190476
2018-10-14,4.7,"18","HU","18-10","10",0.03,0,0,"18","10","18-10",0,0.638297872340425,0
2018-10-11,3.9,"18","HU","18-10","10",0.103,0.006,0,"18","10","18-10",0,2.64102564102564,0.153846153846154
2018-10-08,7.5,"18","HU","18-10","10",0.042,0.005,0,"18","10","18-10",0,0.56,0.0666666666666667
2018-10-05,5.3,"18","HU","18-10","10",0.044,0.006,0.035,"18","10","18-10",0.660377358490566,0.830188679245283,0.113207547169811
2018-10-02,9.8,"18","HU","18-10","10",0.046,0,0.017,"18","10","18-10",0.173469387755102,0.469387755102041,0
2018-09-29,7.4,"18","HU","18-09","09",0.111,0.007,0,"18","09","18-09",0,1.5,0.0945945945945946
2018-09-26,5.7,"18","HU","18-09","09",0.085,0,0.03,"18","09","18-09",0.526315789473684,1.49122807017544,0
2018-09-23,3.4,"18","HU","18-09","09",0.02,0,0.004,"18","09","18-09",0.117647058823529,0.588235294117647,0
2018-09-20,6.6,"18","HU","18-09","09",0.039,0,0.016,"18","09","18-09",0.242424242424242,0.590909090909091,0
2018-09-17,3.4,"18","HU","18-09","09",0.01,0,0,"18","09","18-09",0,0.294117647058824,0
2018-09-14,4,"18","HU","18-09","09",0.011,0,0,"18","09","18-09",0,0.275,0
2018-09-11,3.7,"18","HU","18-09","09",0.034,0,0,"18","09","18-09",0,0.918918918918919,0
2018-09-08,4.4,"18","HU","18-09","09",0.032,0.011,0,"18","09","18-09",0,0.727272727272727,0.25
2018-09-05,12.9,"18","HU","18-09","09",0.12,0.006,0.006,"18","09","18-09",0.0465116279069767,0.930232558139535,0.0465116279069767
2018-09-02,4.9,"18","HU","18-09","09",0.02,0,0,"18","09","18-09",0,0.408163265306122,0
2018-11-22,2.8,"18","HU","18-11","11",0.014,0.007,0,"18","11","18-11",0,0.5,0.25
2018-11-10,2.5,"18","HU","18-11","11",0.022,0,0.007,"18","11","18-11",0.28,0.88,0
2018-10-29,2.8,"18","HU","18-10","10",0.059,0.003,0.005,"18","10","18-10",0.178571428571429,2.10714285714286,0.107142857142857
2018-10-17,4.6,"18","HU","18-10","10",0.336,0.002,0.007,"18","10","18-10",0.152173913043478,7.30434782608696,0.0434782608695652
2018-10-05,5.1,"18","HU","18-10","10",0.044,0.006,0.035,"18","10","18-10",0.686274509803922,0.862745098039216,0.117647058823529
2018-09-23,3.4,"18","HU","18-09","09",0.02,0,0.004,"18","09","18-09",0.117647058823529,0.588235294117647,0
2018-09-11,3.8,"18","HU","18-09","09",0.034,0,0,"18","09","18-09",0,0.894736842105263,0
2019-11-29,3.7,"19","HU","19-11","11",0.072,0.003,0.011,"19","11","19-11",0.297297297297297,1.94594594594595,0.0810810810810811
2019-11-26,8.8,"19","HU","19-11","11",0.169,0.009,0,"19","11","19-11",0,1.92045454545455,0.102272727272727
2019-11-23,3.1,"19","HU","19-11","11",0.023,0,0.004,"19","11","19-11",0.129032258064516,0.741935483870968,0
2019-11-20,15,"19","HU","19-11","11",0.255,0.008,0.016,"19","11","19-11",0.106666666666667,1.7,0.0533333333333333
2019-11-17,3.8,"19","HU","19-11","11",NA,NA,NA,"19","11","19-11",NA,NA,NA
2019-11-14,7,"19","HU","19-11","11",NA,NA,NA,"19","11","19-11",NA,NA,NA
2019-11-11,12.5,"19","HU","19-11","11",0.069,0.006,0,"19","11","19-11",0,0.552,0.048
2019-11-08,2.3,"19","HU","19-11","11",0.08,0.007,0,"19","11","19-11",0,3.47826086956522,0.304347826086957
2019-11-05,6.8,"19","HU","19-11","11",0.195,0.006,0.001,"19","11","19-11",0.0147058823529412,2.86764705882353,0.0882352941176471
2019-11-02,5.6,"19","HU","19-11","11",0.124,0,0.008,"19","11","19-11",0.142857142857143,2.21428571428571,0
2019-10-30,5.8,"19","HU","19-10","10",0.03,0,0,"19","10","19-10",0,0.517241379310345,0
2019-10-27,3.1,"19","HU","19-10","10",0.02,0.006,0.028,"19","10","19-10",0.903225806451613,0.645161290322581,0.193548387096774
2019-10-24,4.7,"19","HU","19-10","10",0.072,0,0.008,"19","10","19-10",0.170212765957447,1.53191489361702,0
2019-10-21,4,"19","HU","19-10","10",0.037,0.011,0,"19","10","19-10",0,0.925,0.275
2019-10-18,2.5,"19","HU","19-10","10",0.07,0.001,0.002,"19","10","19-10",0.08,2.8,0.04
2019-10-15,5.4,"19","HU","19-10","10",0.164,0,0.049,"19","10","19-10",0.907407407407407,3.03703703703704,0
2019-10-12,5.2,"19","HU","19-10","10",0.139,0,0.051,"19","10","19-10",0.980769230769231,2.67307692307692,0
2019-10-09,3.5,"19","HU","19-10","10",0.033,0.016,0,"19","10","19-10",0,0.942857142857143,0.457142857142857
2019-10-06,3.7,"19","HU","19-10","10",0.023,0,0,"19","10","19-10",0,0.621621621621622,0
2019-10-03,4.7,"19","HU","19-10","10",0.02,0.006,0.049,"19","10","19-10",1.04255319148936,0.425531914893617,0.127659574468085
2019-09-30,4,"19","HU","19-09","09",0.023,0.001,0,"19","09","19-09",0,0.575,0.025
2019-09-27,6,"19","HU","19-09","09",0.049,0,0.038,"19","09","19-09",0.633333333333333,0.816666666666667,0
2019-09-24,4.9,"19","HU","19-09","09",0.256,0,0.02,"19","09","19-09",0.408163265306122,5.22448979591837,0
2019-09-21,9,"19","HU","19-09","09",0.071,0.004,0.012,"19","09","19-09",0.133333333333333,0.788888888888889,0.0444444444444444
2019-09-18,5.7,"19","HU","19-09","09",0.073,0.009,0,"19","09","19-09",0,1.28070175438596,0.157894736842105
2019-09-12,9,"19","HU","19-09","09",0.123,0,0.033,"19","09","19-09",0.366666666666667,1.36666666666667,0
2019-09-09,7.2,"19","HU","19-09","09",0.082,0,0,"19","09","19-09",0,1.13888888888889,0
2019-09-06,6.3,"19","HU","19-09","09",0.045,0,0.023,"19","09","19-09",0.365079365079365,0.714285714285714,0
2019-09-03,5.7,"19","HU","19-09","09",0.081,0,0.045,"19","09","19-09",0.789473684210526,1.42105263157895,0
2019-11-29,3.5,"19","HU","19-11","11",0.072,0.003,0.011,"19","11","19-11",0.314285714285714,2.05714285714286,0.0857142857142857
2019-11-17,3.7,"19","HU","19-11","11",NA,NA,NA,"19","11","19-11",NA,NA,NA
2019-11-05,7.2,"19","HU","19-11","11",0.195,0.006,0.001,"19","11","19-11",0.0138888888888889,2.70833333333333,0.0833333333333333
2019-10-24,4.6,"19","HU","19-10","10",0.072,0,0.008,"19","10","19-10",0.173913043478261,1.56521739130435,0
2019-10-12,5.2,"19","HU","19-10","10",0.139,0,0.051,"19","10","19-10",0.980769230769231,2.67307692307692,0
2019-09-30,4,"19","HU","19-09","09",0.023,0.001,0,"19","09","19-09",0,0.575,0.025
2019-09-18,5.2,"19","HU","19-09","09",0.073,0.009,0,"19","09","19-09",0,1.40384615384615,0.173076923076923
2019-09-06,6.2,"19","HU","19-09","09",0.045,0,0.023,"19","09","19-09",0.370967741935484,0.725806451612903,0
2020-11-29,6.9,"20","HU","20-11","11",0.043,0.003,0.041,"20","11","20-11",0.594202898550725,0.623188405797101,0.0434782608695652
2020-11-26,5.2,"20","HU","20-11","11",0.034,0,0.029,"20","11","20-11",0.557692307692308,0.653846153846154,0
2020-11-23,4.7,"20","HU","20-11","11",0.082,0,0.012,"20","11","20-11",0.25531914893617,1.74468085106383,0
2020-11-20,8.1,"20","HU","20-11","11",0.104,0.01,0.035,"20","11","20-11",0.432098765432099,1.28395061728395,0.123456790123457
2020-11-17,2.6,"20","HU","20-11","11",0.079,0,0.016,"20","11","20-11",0.615384615384615,3.03846153846154,0
2020-11-14,6.8,"20","HU","20-11","11",0.085,0.009,0.01,"20","11","20-11",0.147058823529412,1.25,0.132352941176471
2020-11-02,1.6,"20","HU","20-11","11",0.039,0,0.017,"20","11","20-11",1.0625,2.4375,0
2020-10-30,1.2,"20","HU","20-10","10",0.031,0,0.017,"20","10","20-10",1.41666666666667,2.58333333333333,0
2020-10-27,6,"20","HU","20-10","10",0.084,0,0.037,"20","10","20-10",0.616666666666667,1.4,0
2020-10-24,3.8,"20","HU","20-10","10",0.016,0,0,"20","10","20-10",0,0.421052631578947,0
2020-10-21,5.6,"20","HU","20-10","10",0.035,0.004,0,"20","10","20-10",0,0.625,0.0714285714285714
2020-10-18,5.6,"20","HU","20-10","10",0.026,0.008,0,"20","10","20-10",0,0.464285714285714,0.142857142857143
2020-10-15,7.3,"20","HU","20-10","10",0.044,0.009,0,"20","10","20-10",0,0.602739726027397,0.123287671232877
2020-10-12,0.8,"20","HU","20-10","10",0.012,0.004,0,"20","10","20-10",0,1.5,0.5
2020-10-09,4.4,"20","HU","20-10","10",0.113,0,0.018,"20","10","20-10",0.409090909090909,2.56818181818182,0
2020-10-03,3.5,"20","HU","20-10","10",0.062,0,0.033,"20","10","20-10",0.942857142857143,1.77142857142857,0
2020-09-30,3,"20","HU","20-09","09",0.029,0.006,0,"20","09","20-09",0,0.966666666666667,0.2
2020-09-27,3.4,"20","HU","20-09","09",0.018,0.006,0,"20","09","20-09",0,0.529411764705882,0.176470588235294
2020-09-24,9.6,"20","HU","20-09","09",0.228,0.006,0.018,"20","09","20-09",0.1875,2.375,0.0625
2020-09-21,3.5,"20","HU","20-09","09",0.11,0.005,0.015,"20","09","20-09",0.428571428571429,3.14285714285714,0.142857142857143
2020-09-18,7.7,"20","HU","20-09","09",0.038,0,0.028,"20","09","20-09",0.363636363636364,0.493506493506493,0
2020-09-15,2.6,"20","HU","20-09","09",0.047,0,0.015,"20","09","20-09",0.576923076923077,1.80769230769231,0
2020-09-12,4.4,"20","HU","20-09","09",0.017,0,0.004,"20","09","20-09",0.0909090909090909,0.386363636363636,0
2020-09-09,4.7,"20","HU","20-09","09",0.064,0.004,0.012,"20","09","20-09",0.25531914893617,1.36170212765957,0.0851063829787234
2020-09-06,6.7,"20","HU","20-09","09",0.045,0,0.042,"20","09","20-09",0.626865671641791,0.671641791044776,0
2020-09-03,6.2,"20","HU","20-09","09",0.151,0,0.061,"20","09","20-09",0.983870967741935,2.43548387096774,0
2020-11-23,4.8,"20","HU","20-11","11",0.082,0,0.012,"20","11","20-11",0.25,1.70833333333333,0
2020-11-11,3.3,"20","HU","20-11","11",0.03,0.006,0,"20","11","20-11",0,0.909090909090909,0.181818181818182
2020-10-30,0.9,"20","HU","20-10","10",0.031,0,0.017,"20","10","20-10",1.88888888888889,3.44444444444444,0
2020-10-18,5.4,"20","HU","20-10","10",0.026,0.008,0,"20","10","20-10",0,0.481481481481481,0.148148148148148
2020-10-06,7,"20","HU","20-10","10",0.213,0.003,0.121,"20","10","20-10",1.72857142857143,3.04285714285714,0.0428571428571429
2011-11-23,3.7,"11","HU","11-11","11",0.0271,0,0,"11","11","11-11",0,0.732432432432432,0
2011-11-11,6.4,"11","HU","11-11","11",0.0245,0,0.021,"11","11","11-11",0.328125,0.3828125,0
2011-10-30,3.2,"11","HU","11-10","10",0.0442,0,0,"11","10","11-10",0,1.38125,0
2011-10-18,8.7,"11","HU","11-10","10",0.0724,0.004,0,"11","10","11-10",0,0.832183908045977,0.0459770114942529
2011-10-06,4,"11","HU","11-10","10",0.103,0,0.021,"11","10","11-10",0.525,2.575,0
2011-09-24,5.9,"11","HU","11-09","09",0.04,0.001,0.017,"11","09","11-09",0.288135593220339,0.677966101694915,0.0169491525423729
2011-09-18,4,"11","HU","11-09","09",0.0426,0,0.001,"11","09","11-09",0.025,1.065,0
2011-09-12,9.3,"11","HU","11-09","09",0.0759,0,0.036,"11","09","11-09",0.387096774193548,0.816129032258064,0
2011-11-29,2.5,"11","HU","11-11","11",0.0255,0,0,"11","11","11-11",0,1.02,0
2011-11-26,10.2,"11","HU","11-11","11",NA,NA,NA,"11","11","11-11",NA,NA,NA
2011-11-23,3.8,"11","HU","11-11","11",0.0271,0,0,"11","11","11-11",0,0.713157894736842,0
2011-11-20,9.5,"11","HU","11-11","11",0.0593,0,0.021,"11","11","11-11",0.221052631578947,0.624210526315789,0
2011-11-17,4.4,"11","HU","11-11","11",0.0228,0.002,0.02,"11","11","11-11",0.454545454545455,0.518181818181818,0.0454545454545455
2011-11-11,6.1,"11","HU","11-11","11",0.0245,0,0.021,"11","11","11-11",0.344262295081967,0.401639344262295,0
2011-11-08,10.2,"11","HU","11-11","11",0.359,0.003,0.257,"11","11","11-11",2.51960784313726,3.51960784313725,0.0294117647058824
2011-11-05,3.4,"11","HU","11-11","11",0.0903,0.0044,0.015,"11","11","11-11",0.441176470588235,2.65588235294118,0.129411764705882
2011-11-02,10.3,"11","HU","11-11","11",0.179,0.005,0.006,"11","11","11-11",0.058252427184466,1.7378640776699,0.0485436893203883
2011-10-30,3.2,"11","HU","11-10","10",0.0442,0,0,"11","10","11-10",0,1.38125,0
2011-10-27,11.5,"11","HU","11-10","10",0.222,0.0039,0.041,"11","10","11-10",0.356521739130435,1.9304347826087,0.0339130434782609
2011-10-24,11.1,"11","HU","11-10","10",0.0853,0.0043,0.001,"11","10","11-10",0.00900900900900901,0.768468468468469,0.0387387387387387
2011-10-18,8.7,"11","HU","11-10","10",0.0724,0.004,0,"11","10","11-10",0,0.832183908045977,0.0459770114942529
2011-10-15,3.5,"11","HU","11-10","10",0.0204,0.001,0.02,"11","10","11-10",0.571428571428571,0.582857142857143,0.0285714285714286
2011-10-09,10.2,"11","HU","11-10","10",0.138,0.003,0.042,"11","10","11-10",0.411764705882353,1.35294117647059,0.0294117647058824
2011-10-06,4.1,"11","HU","11-10","10",0.103,0,0.021,"11","10","11-10",0.51219512195122,2.51219512195122,0
2011-09-30,7.7,"11","HU","11-09","09",0.0888,0,0.013,"11","09","11-09",0.168831168831169,1.15324675324675,0
2011-09-27,6.8,"11","HU","11-09","09",0.0407,0.0054,0.038,"11","09","11-09",0.558823529411765,0.598529411764706,0.0794117647058824
2011-09-24,6.1,"11","HU","11-09","09",0.04,0.001,0.017,"11","09","11-09",0.278688524590164,0.655737704918033,0.0163934426229508
2011-09-21,6.3,"11","HU","11-09","09",NA,NA,NA,"11","09","11-09",NA,NA,NA
2011-09-18,3.9,"11","HU","11-09","09",0.0426,0,0.001,"11","09","11-09",0.0256410256410256,1.09230769230769,0
2011-09-15,7.9,"11","HU","11-09","09",0.0422,0,0,"11","09","11-09",0,0.534177215189873,0
2011-09-12,9.3,"11","HU","11-09","09",0.0759,0,0.036,"11","09","11-09",0.387096774193548,0.816129032258064,0
2011-09-06,1.7,"11","HU","11-09","09",0.0411,0,0.015,"11","09","11-09",0.882352941176471,2.41764705882353,0
2012-11-29,9.8,"12","HU","12-11","11",0.19,0.003,0.04,"12","11","12-11",0.408163265306122,1.93877551020408,0.0306122448979592
2012-11-23,9.8,"12","HU","12-11","11",0.154,0.005,0.017,"12","11","12-11",0.173469387755102,1.57142857142857,0.0510204081632653
2012-11-20,10.1,"12","HU","12-11","11",NA,NA,NA,"12","11","12-11",NA,NA,NA
2012-11-17,6.5,"12","HU","12-11","11",0.0726,0.001,0.002,"12","11","12-11",0.0307692307692308,1.11692307692308,0.0153846153846154
2012-11-14,6.5,"12","HU","12-11","11",0.104,0.002,0.039,"12","11","12-11",0.6,1.6,0.0307692307692308
2012-11-11,16.1,"12","HU","12-11","11",0.0563,0.001,0,"12","11","12-11",0,0.349689440993789,0.0062111801242236
2012-11-08,4.7,"12","HU","12-11","11",0.0438,0,0.045,"12","11","12-11",0.957446808510638,0.931914893617021,0
2012-11-02,4.7,"12","HU","12-11","11",0.0469,0,0,"12","11","12-11",0,0.997872340425532,0
2012-10-30,1.2,"12","HU","12-10","10",NA,NA,NA,"12","10","12-10",NA,NA,NA
2012-10-27,4.7,"12","HU","12-10","10",0.0223,0.001,0,"12","10","12-10",0,0.474468085106383,0.0212765957446809
2012-10-24,13.2,"12","HU","12-10","10",0.103,0.006,0.025,"12","10","12-10",0.189393939393939,0.78030303030303,0.0454545454545455
2012-10-21,5.2,"12","HU","12-10","10",0.0209,0,0.008,"12","10","12-10",0.153846153846154,0.401923076923077,0
2012-10-18,5.8,"12","HU","12-10","10",0.0183,0,0,"12","10","12-10",0,0.31551724137931,0
2012-10-15,6.9,"12","HU","12-10","10",0.0235,0,0,"12","10","12-10",0,0.340579710144927,0
2012-10-06,9.1,"12","HU","12-10","10",0.0267,0,0.029,"12","10","12-10",0.318681318681319,0.293406593406593,0
2012-10-03,7,"12","HU","12-10","10",0.162,0.001,0.014,"12","10","12-10",0.2,2.31428571428571,0.0142857142857143
2012-09-30,7.6,"12","HU","12-09","09",0.0547,0,0.002,"12","09","12-09",0.0263157894736842,0.719736842105263,0
2012-09-27,9.2,"12","HU","12-09","09",0.0572,0,0,"12","09","12-09",0,0.621739130434783,0
2012-09-21,7.7,"12","HU","12-09","09",0.0413,0.002,0,"12","09","12-09",0,0.536363636363636,0.025974025974026
2012-09-18,4,"12","HU","12-09","09",0.0205,0.001,0.002,"12","09","12-09",0.05,0.5125,0.025
2012-09-15,4,"12","HU","12-09","09",0.0526,0,0.006,"12","09","12-09",0.15,1.315,0
2012-09-12,7.5,"12","HU","12-09","09",0.167,0,0.012,"12","09","12-09",0.16,2.22666666666667,0
2012-09-09,4.3,"12","HU","12-09","09",0.0271,0,0,"12","09","12-09",0,0.630232558139535,0
2012-09-06,9,"12","HU","12-09","09",0.0651,0,0.011,"12","09","12-09",0.122222222222222,0.723333333333333,0
2012-09-03,8.4,"12","HU","12-09","09",0.0235,0,0.008,"12","09","12-09",0.0952380952380952,0.279761904761905,0
2013-11-30,10.1,"13","HU","13-11","11",0.0308,0.002,0,"13","11","13-11",0,0.304950495049505,0.0198019801980198
2013-11-27,3.1,"13","HU","13-11","11",NA,NA,NA,"13","11","13-11",NA,NA,NA
2013-11-21,7.1,"13","HU","13-11","11",0.199,0.001,0.013,"13","11","13-11",0.183098591549296,2.80281690140845,0.0140845070422535
2013-11-18,2.5,"13","HU","13-11","11",0.0451,0,0.013,"13","11","13-11",0.52,1.804,0
2013-11-15,15.7,"13","HU","13-11","11",0.542,0,0.12,"13","11","13-11",0.764331210191083,3.45222929936306,0
2013-11-12,3.9,"13","HU","13-11","11",0.118,0,0.087,"13","11","13-11",2.23076923076923,3.02564102564103,0
2013-11-09,7.9,"13","HU","13-11","11",0.0581,0,0,"13","11","13-11",0,0.735443037974683,0
2013-11-06,3.7,"13","HU","13-11","11",0.0221,0,0.009,"13","11","13-11",0.243243243243243,0.597297297297297,0
2013-11-03,2,"13","HU","13-11","11",0.0175,0,0,"13","11","13-11",0,0.875,0
2013-10-31,16.3,"13","HU","13-10","10",0.123,0.005,0.038,"13","10","13-10",0.233128834355828,0.754601226993865,0.0306748466257669
2013-10-28,9.3,"13","HU","13-10","10",0.0701,0.004,0,"13","10","13-10",0,0.753763440860215,0.043010752688172
2013-10-25,4.5,"13","HU","13-10","10",0.0779,0,0,"13","10","13-10",0,1.73111111111111,0
2013-10-22,6.1,"13","HU","13-10","10",0.163,0.002,0.044,"13","10","13-10",0.721311475409836,2.67213114754098,0.0327868852459016
2013-10-19,7.5,"13","HU","13-10","10",0.0498,0.002,0,"13","10","13-10",0,0.664,0.0266666666666667
2013-10-16,5.9,"13","HU","13-10","10",0.0967,0.001,0.01,"13","10","13-10",0.169491525423729,1.63898305084746,0.0169491525423729
2013-10-13,5.7,"13","HU","13-10","10",0.0162,0,0,"13","10","13-10",0,0.284210526315789,0
2013-10-10,2.1,"13","HU","13-10","10",0.0267,0,0,"13","10","13-10",0,1.27142857142857,0
2013-10-07,4.7,"13","HU","13-10","10",0.0183,0,0.017,"13","10","13-10",0.361702127659574,0.38936170212766,0
2013-10-04,13.4,"13","HU","13-10","10",0.207,0,0.054,"13","10","13-10",0.402985074626866,1.54477611940298,0
2013-10-01,10,"13","HU","13-10","10",0.162,0,0.06,"13","10","13-10",0.6,1.62,0
2013-09-28,4.6,"13","HU","13-09","09",0.0273,0.001,0,"13","09","13-09",0,0.593478260869565,0.0217391304347826
2013-09-25,4.7,"13","HU","13-09","09",0.0711,0,0,"13","09","13-09",0,1.51276595744681,0
2013-09-22,3.2,"13","HU","13-09","09",0.0221,0,0.006,"13","09","13-09",0.1875,0.690625,0
2013-09-19,5.1,"13","HU","13-09","09",0.0666,0,0.019,"13","09","13-09",0.372549019607843,1.30588235294118,0
2013-09-16,7.2,"13","HU","13-09","09",0.0796,0,0.03,"13","09","13-09",0.416666666666667,1.10555555555556,0
2013-09-13,5.5,"13","HU","13-09","09",0.0454,0,0,"13","09","13-09",0,0.825454545454546,0
2013-09-10,17.5,"13","HU","13-09","09",0.164,0,0.088,"13","09","13-09",0.502857142857143,0.937142857142857,0
2013-09-07,8.6,"13","HU","13-09","09",0.055,0.003,0.003,"13","09","13-09",0.0348837209302326,0.63953488372093,0.0348837209302326
2013-09-04,4.9,"13","HU","13-09","09",0.0726,0.001,0.005,"13","09","13-09",0.102040816326531,1.48163265306122,0.0204081632653061
2013-09-01,9.4,"13","HU","13-09","09",0.0279,0,0.004,"13","09","13-09",0.0425531914893617,0.296808510638298,0
2014-11-28,4.6,"14","HU","14-11","11",NA,NA,NA,"14","11","14-11",NA,NA,NA
2014-11-25,4.7,"14","HU","14-11","11",0.0515,0,0.008,"14","11","14-11",0.170212765957447,1.09574468085106,0
2014-11-22,12.8,"14","HU","14-11","11",0.0866,0.004,0.029,"14","11","14-11",0.2265625,0.6765625,0.03125
2014-11-19,4.1,"14","HU","14-11","11",0.0773,0,0.014,"14","11","14-11",0.341463414634146,1.88536585365854,0
2014-11-16,10.2,"14","HU","14-11","11",0.077,0.004,0,"14","11","14-11",0,0.754901960784314,0.0392156862745098
2014-11-13,8.8,"14","HU","14-11","11",0.0535,0.004,0,"14","11","14-11",0,0.607954545454545,0.0454545454545455
2014-11-10,10.2,"14","HU","14-11","11",0.0907,0,0.076,"14","11","14-11",0.745098039215686,0.88921568627451,0
2014-11-07,3.5,"14","HU","14-11","11",0.0975,0,0,"14","11","14-11",0,2.78571428571429,0
2014-11-04,12.3,"14","HU","14-11","11",NA,NA,NA,"14","11","14-11",NA,NA,NA
2014-11-01,3.6,"14","HU","14-11","11",0.0134,0.001,0,"14","11","14-11",0,0.372222222222222,0.0277777777777778
2014-10-29,9.1,"14","HU","14-10","10",0.064,0.002,0.011,"14","10","14-10",0.120879120879121,0.703296703296703,0.021978021978022
2014-10-26,4.7,"14","HU","14-10","10",0.0898,0,0.013,"14","10","14-10",0.276595744680851,1.91063829787234,0
2014-10-23,3.7,"14","HU","14-10","10",0.0835,0,0,"14","10","14-10",0,2.25675675675676,0
2014-10-20,6.2,"14","HU","14-10","10",0.0698,0.003,0,"14","10","14-10",0,1.1258064516129,0.0483870967741935
2014-10-17,4.4,"14","HU","14-10","10",0.0551,0.002,0,"14","10","14-10",0,1.25227272727273,0.0454545454545455
2014-10-14,3.8,"14","HU","14-10","10",0.0058,0,0,"14","10","14-10",0,0.152631578947368,0
2014-10-11,6.8,"14","HU","14-10","10",0.021,0,0,"14","10","14-10",0,0.308823529411765,0
2014-10-08,4.6,"14","HU","14-10","10",0.055,0,0,"14","10","14-10",0,1.19565217391304,0
2014-10-05,4.3,"14","HU","14-10","10",0.0325,0.001,0,"14","10","14-10",0,0.755813953488372,0.0232558139534884
2014-10-02,6.9,"14","HU","14-10","10",0.0846,0.003,0,"14","10","14-10",0,1.22608695652174,0.0434782608695652
2014-09-29,12.7,"14","HU","14-09","09",0.196,0,0,"14","09","14-09",0,1.54330708661417,0
2014-09-26,6.1,"14","HU","14-09","09",0.03,0,0,"14","09","14-09",0,0.491803278688525,0
2014-09-23,4.6,"14","HU","14-09","09",0.0272,0,0,"14","09","14-09",0,0.591304347826087,0
2014-09-20,7.4,"14","HU","14-09","09",0.0224,0,0,"14","09","14-09",0,0.302702702702703,0
2014-09-17,6,"14","HU","14-09","09",0.0265,0.001,0.01,"14","09","14-09",0.166666666666667,0.441666666666667,0.0166666666666667
2014-09-14,3.9,"14","HU","14-09","09",0.0429,0.001,0,"14","09","14-09",0,1.1,0.0256410256410256
2014-09-11,6.7,"14","HU","14-09","09",0.0474,0.003,0.008,"14","09","14-09",0.119402985074627,0.707462686567164,0.0447761194029851
2014-09-08,4.7,"14","HU","14-09","09",0.0305,0,0,"14","09","14-09",0,0.648936170212766,0
2014-09-05,9.8,"14","HU","14-09","09",0.057,0,0.088,"14","09","14-09",0.897959183673469,0.581632653061224,0
2014-09-02,8.9,"14","HU","14-09","09",0.162,0,0.188,"14","09","14-09",2.1123595505618,1.82022471910112,0
2015-11-29,5.8,"15","HU","15-11","11",0.026,0.002,0.007,"15","11","15-11",0.120689655172414,0.448275862068965,0.0344827586206897
2015-11-26,7.3,"15","HU","15-11","11",0.022,0.002,0.012,"15","11","15-11",0.164383561643836,0.301369863013699,0.0273972602739726
2015-11-23,3.9,"15","HU","15-11","11",NA,NA,NA,"15","11","15-11",NA,NA,NA
2015-11-20,2.3,"15","HU","15-11","11",NA,NA,NA,"15","11","15-11",NA,NA,NA
2015-11-17,6,"15","HU","15-11","11",0.045,0,0.037,"15","11","15-11",0.616666666666667,0.75,0
2015-11-14,2.9,"15","HU","15-11","11",0.048,0,0.018,"15","11","15-11",0.620689655172414,1.6551724137931,0
2015-11-11,3.8,"15","HU","15-11","11",0.033,0,0,"15","11","15-11",0,0.868421052631579,0
2015-11-08,4.4,"15","HU","15-11","11",0.0263,0,0.019,"15","11","15-11",0.431818181818182,0.597727272727273,0
2015-11-05,8.9,"15","HU","15-11","11",0.0597,0,0.029,"15","11","15-11",0.325842696629214,0.670786516853933,0
2015-11-02,7,"15","HU","15-11","11",0.138,0.001,0.022,"15","11","15-11",0.314285714285714,1.97142857142857,0.0142857142857143
2015-10-30,3.6,"15","HU","15-10","10",0.0647,0,0.015,"15","10","15-10",0.416666666666667,1.79722222222222,0
2015-10-27,4.3,"15","HU","15-10","10",0.0765,0.004,0.005,"15","10","15-10",0.116279069767442,1.77906976744186,0.0930232558139535
2015-10-24,3.5,"15","HU","15-10","10",0.0234,0,0,"15","10","15-10",0,0.668571428571429,0
2015-10-21,11.8,"15","HU","15-10","10",0.162,0.007,0.014,"15","10","15-10",0.11864406779661,1.3728813559322,0.0593220338983051
2015-10-18,3,"15","HU","15-10","10",0.0432,0,0.147,"15","10","15-10",4.9,1.44,0
2015-10-15,4.4,"15","HU","15-10","10",0.115,0,0.121,"15","10","15-10",2.75,2.61363636363636,0
2015-10-12,7.2,"15","HU","15-10","10",0.0395,0,0.04,"15","10","15-10",0.555555555555556,0.548611111111111,0
2015-10-09,9.7,"15","HU","15-10","10",0.0544,0,0,"15","10","15-10",0,0.560824742268041,0
2015-10-06,4.6,"15","HU","15-10","10",0.123,0.001,0.032,"15","10","15-10",0.695652173913043,2.67391304347826,0.0217391304347826
2015-10-03,1,"15","HU","15-10","10",0.0071,0,0,"15","10","15-10",0,0.71,0
2015-09-30,1.8,"15","HU","15-09","09",0.0514,0.002,0,"15","09","15-09",0,2.85555555555556,0.111111111111111
2015-09-27,4.4,"15","HU","15-09","09",0.0122,0,0.022,"15","09","15-09",0.5,0.277272727272727,0
2015-09-24,5.7,"15","HU","15-09","09",0.0751,0,0.055,"15","09","15-09",0.964912280701754,1.31754385964912,0
2015-09-21,3.7,"15","HU","15-09","09",0.0437,0.001,0.015,"15","09","15-09",0.405405405405405,1.18108108108108,0.027027027027027
2015-09-18,10.1,"15","HU","15-09","09",0.055,0,0,"15","09","15-09",0,0.544554455445545,0
2015-09-15,7,"15","HU","15-09","09",0.112,0,0.053,"15","09","15-09",0.757142857142857,1.6,0
2015-09-12,7.3,"15","HU","15-09","09",0.021,0.004,0,"15","09","15-09",0,0.287671232876712,0.0547945205479452
2015-09-09,6.1,"15","HU","15-09","09",0.0446,0,0.007,"15","09","15-09",0.114754098360656,0.731147540983607,0
2015-09-06,4,"15","HU","15-09","09",0.0163,0.001,0,"15","09","15-09",0,0.4075,0.025
2015-09-03,17.7,"15","HU","15-09","09",0.0877,0,0.023,"15","09","15-09",0.129943502824859,0.495480225988701,0
